RX-78-1 Prototype Gundam (MSV/Manga only),https://gundam.fandom.com/wiki/RX-78-1_Prototype_Gundam
RX-78-2 Gundam,https://gundam.fandom.com/wiki/RX-78-2_Gundam
PF-78-1 Perfect Gundam (MSV Manga only),https://gundam.fandom.com/wiki/PF-78-1_Perfect_Gundam
"RX-78-3 Gundam ""G-3"" (MSV/Manga/Novel only)",https://gundam.fandom.com/wiki/RX-78-3_Gundam_%22G-3%22
"RX-78-4 Gundam Unit 4 ""G04"" (MSV/Manga only)",https://gundam.fandom.com/wiki/RX-78-4_Gundam_Unit_4_%22G04%22
"RX-78-5 Gundam Unit 5 ""G05"" (MSV/Manga only)",https://gundam.fandom.com/wiki/RX-78-5_Gundam_Unit_5_%22G05%22
RX-78-6 Mudrock Gundam (MSV/Game only),https://gundam.fandom.com/wiki/RX-78-6_Mudrock_Gundam
RX-78-7 7th Gundam (MSV/Game only),https://gundam.fandom.com/wiki/RX-78-7_7th_Gundam
FA-78-3 Full Armor 7th Gundam (MSV/Game only),https://gundam.fandom.com/wiki/FA-78-3_Full_Armor_7th_Gundam
HFA-78-3 Heavy Full Armor 7th Gundam (MSV/Game only),https://gundam.fandom.com/wiki/HFA-78-3_Heavy_Full_Armor_7th_Gundam
RX-78/C.A. Casval's Gundam (Game only),https://gundam.fandom.com/wiki/RX-78/C.A._Casval%27s_Gundam
PF-78-3 Perfect Gundam III (MSV/Manga only),https://gundam.fandom.com/wiki/PF-78-3_Perfect_Gundam_III
FA-78-1 Gundam Full Armor Type (MSV/Manga only),https://gundam.fandom.com/wiki/FA-78-1_Gundam_Full_Armor_Type
FA-78-2 Heavy Gundam (MSV/Manga only),https://gundam.fandom.com/wiki/FA-78-2_Heavy_Gundam
FA-78 Full Armor Gundam (Thunderbolt Ver.),https://gundam.fandom.com/wiki/FA-78_Full_Armor_Gundam_(Thunderbolt_Ver.)
RX-78XX Gundam Pixie (Manga/Game only),https://gundam.fandom.com/wiki/RX-78XX_Gundam_Pixie
RX-79(G) Gundam Ground Type,https://gundam.fandom.com/wiki/RX-79(G)_Gundam_Ground_Type
FA-78(G) Full Armor Gundam Ground Type (MSV only),https://gundam.fandom.com/wiki/FA-78(G)_Full_Armor_Gundam_Ground_Type
RX-79 [G] SW Slave Wraith (Game only),https://gundam.fandom.com/wiki/RX-79%EF%BC%BBG%EF%BC%BD_SW_Slave_Wraith
RX-79(G)Ez-8 Gundam Ez8,https://gundam.fandom.com/wiki/RX-79(G)Ez-8_Gundam_Ez8
RX-79Ez-8/HAC Gundam Ez8 Heavy Armed Custom (Game only),https://gundam.fandom.com/wiki/RX-79Ez-8/HAC_Gundam_Ez8_Heavy_Armed_Custom
RX-79Ez-8/HMC Gundam Ez8 High Mobility Custom (Game only),https://gundam.fandom.com/wiki/RX-79Ez-8/HMC_Gundam_Ez8_High_Mobility_Custom
RX-79BD-2 Blue Destiny Unit 2 (Manga/Game only),https://gundam.fandom.com/wiki/RX-79BD-2_Blue_Destiny_Unit_2
RX-79BD-3 Blue Destiny Unit 3 (Manga/Game only),https://gundam.fandom.com/wiki/RX-79BD-3_Blue_Destiny_Unit_3
RX-78EX-PH-1 Zephyr Gundam (Manga only),https://gundam.fandom.com/wiki/RX-78EX-PH-1_Zephyr_Gundam
"RX-78NT-1 Gundam ""Alex""",https://gundam.fandom.com/wiki/RX-78NT-1_Gundam_%22Alex%22
FA-78-NT-1 Full Armor Gundam ALEX,https://gundam.fandom.com/wiki/FA-78-NT-1_Full_Armor_Gundam_ALEX
MRX-002 Newtype Use Prototype Gundam (Manga only),https://gundam.fandom.com/wiki/MRX-002_Newtype_Use_Prototype_Gundam
RX-78NT-X NT-X (Game only),https://gundam.fandom.com/wiki/RX-78NT-X_NT-X
"RX-78AN-01 Gundam AN-01 ""Tristan""",https://gundam.fandom.com/wiki/RX-78AN-01_Gundam_AN-01_%22Tristan%22
RX-78AN-01FA Gundam Tristan [Failnaught] (Manga only),https://gundam.fandom.com/wiki/RX-78AN-01FA_Gundam_Tristan_%E3%80%88Failnaught%E3%80%89
RX-78AL Atlas Gundam,https://gundam.fandom.com/wiki/RX-78AL_Atlas_Gundam
RX-80PR Pale Rider (Manga/Game only),https://gundam.fandom.com/wiki/RX-80PR_Pale_Rider
"RX-78GP00 Gundam GP00 ""Blossom""",https://gundam.fandom.com/wiki/RX-78GP00_Gundam_GP00_%22Blossom%22
"RX-78GP01 Gundam ""Zephyranthes""",https://gundam.fandom.com/wiki/RX-78GP01_Gundam_%22Zephyranthes%22
"RX-78GP01Fa Gundam ""Zephyranthes Full Armor""",https://gundam.fandom.com/wiki/RX-78GP01Fa_Gundam_%22Zephyranthes_Full_Armor%22
"RX-78GP01-Fb Gundam Full Burnern ""Zephyranthes""",https://gundam.fandom.com/wiki/RX-78GP01-Fb_Gundam_Full_Burnern_%22Zephyranthes%22
"RX-78GP02A Gundam ""Physalis""",https://gundam.fandom.com/wiki/RX-78GP02A_Gundam_%22Physalis%22
RX-78GP02A Gundam GP02A (Type-MLRS) (MSV/Manga only),https://gundam.fandom.com/wiki/RX-78GP02A_Gundam_GP02A_(Type-MLRS)
"RX-78GP03S Gundam ""Dendrobium Stamen""",https://gundam.fandom.com/wiki/RX-78GP03S_Gundam_%22Dendrobium_Stamen%22
"RX-78GP03D Gundam ""Dendrobium Orchis""",https://gundam.fandom.com/wiki/RX-78GP03D_Gundam_%22Dendrobium_Orchis%22
"RX-78GP04G Gundam ""Gerbera"" (Game only)",https://gundam.fandom.com/wiki/RX-78GP04G_Gundam_%22Gerbera%22
RGM-79FC Striker Custom (Manga only),https://gundam.fandom.com/wiki/RGM-79FC_Striker_Custom
FA-79FC Full Armor Striker Custom (Manga only),https://gundam.fandom.com/wiki/FA-79FC_Full_Armor_Striker_Custom
RX-121 Gundam TR-1 (Hazel) (Novel only),https://gundam.fandom.com/wiki/RX-121_Gundam_TR-1_(Hazel)
RX-121 Gundam TR-1 (Hazel) Full Armor Form (Novel only),https://gundam.fandom.com/wiki/RX-121_Gundam_TR-1_(Hazel)_Full_Armor_Form
RX-121 Gundam TR-1 (Hazel) High Mobility Form (Novel only),https://gundam.fandom.com/wiki/RX-121_Gundam_TR-1_(Hazel)_High_Mobility_Form
RX-121-1 Gundam TR-1 (Hazel Custom) (Novel only),https://gundam.fandom.com/wiki/RX-121-1_Gundam_TR-1_(Hazel_Custom)
RX-121-1 Gundam TR-1 (Hazel Custom) w/Icarus Unit (Novel only),https://gundam.fandom.com/wiki/RX-121-1_Gundam_TR-1_(Hazel_Custom)_w/Icarus_Unit
RX-121-1 Gundam TR-1 (Hazel Custom) w/Sniper Unit (Novel only),https://gundam.fandom.com/wiki/RX-121-1_Gundam_TR-1_(Hazel_Custom)_w/Sniper_Unit
RX-121-1 Gundam TR-1 (Hazel Custom) w/Sub Arm Unit (Novel only),https://gundam.fandom.com/wiki/RX-121-1_Gundam_TR-1_(Hazel_Custom)_w/Sub_Arm_Unit
RX-121-1+FF-X29A Gundam TR-1 (Hazel-Rah) (Novel only),https://gundam.fandom.com/wiki/RX-121-1%2BFF-X29A_Gundam_TR-1_(Hazel-Rah)
RX-121-1+FF-X29A Gundam TR-1 (Hazel-Rah) Second Form (Novel only),https://gundam.fandom.com/wiki/RX-121-1%2BFF-X29A_Gundam_TR-1_(Hazel-Rah)_Second_Form
RX-121-2 Gundam TR-1 (Hazel II) (Novel only),https://gundam.fandom.com/wiki/RX-121-2_Gundam_TR-1_(Hazel_II)
RX-121-2A Gundam TR-1 (Advanced Hazel) (Novel only),https://gundam.fandom.com/wiki/RX-121-2A_Gundam_TR-1_(Advanced_Hazel)
RX-121-2 Gundam TR-1 (Hazel Owsla) (Novel only),https://gundam.fandom.com/wiki/RX-121-2_Gundam_TR-1_(Hazel_Owsla)
RX-121-2 Gundam TR-1 (Hazel Owsla) w/ Gigantic Arm Unit (Novel only),https://gundam.fandom.com/wiki/RX-121-2_Gundam_TR-1_(Hazel_Owsla)_w/_Gigantic_Arm_Unit
RX-121-2 Gundam TR-1 (Hazel Owsla) Last Shooting version (Novel only),https://gundam.fandom.com/wiki/RX-121-2_Gundam_TR-1_(Hazel_Owsla)_Last_Shooting_version
RX-121-3C Gundam TR-1 (Hyzenthlay) (Novel only),https://gundam.fandom.com/wiki/RX-121-3C_Gundam_TR-1_(Hyzenthlay)
RX-121-3C Gundam TR-1 Hyzenthlay-Rah (Novel only),https://gundam.fandom.com/wiki/RX-121-3C_Gundam_TR-1_Hyzenthlay-Rah
RX-121-3C Gundam TR-1 Hyzenthlay-Rah II (Novel only),https://gundam.fandom.com/wiki/RX-121-3C_Gundam_TR-1_Hyzenthlay-Rah_II
RX-123 Gundam TR-S [El-Ahrairah] (Novel only),https://gundam.fandom.com/wiki/RX-123_Gundam_TR-S%EF%BC%BBEl-Ahrairah%EF%BC%BD
RX-124 Gundam TR-6 (Woundwort) (Novel only),https://gundam.fandom.com/wiki/RX-124_Gundam_TR-6_(Woundwort)
RX-124 Gundam TR-6 (Advanced Woundwort) (Novel only),https://gundam.fandom.com/wiki/RX-124_Gundam_TR-6_(Advanced_Woundwort)
RX-124 Gundam TR-6 (Advanced Woundwort Ex) (Novel only),https://gundam.fandom.com/wiki/RX-124_Gundam_TR-6_(Advanced_Woundwort_Ex)
RX-124 Gundam TR-6 (Dandelion II) (Novel only),https://gundam.fandom.com/wiki/RX-124_Gundam_TR-6_(Dandelion_II)
RX-124 Gundam TR-6 (Fiver II) (Novel only),https://gundam.fandom.com/wiki/RX-124_Gundam_TR-6_(Fiver_II)
RX-124 Gundam TR-6 [Inle] (Novel only),https://gundam.fandom.com/wiki/RX-124_Gundam_TR-6_%EF%BC%BBInle%EF%BC%BD
RX-124 Gundam TR-6 (Psyco Inle) (Novel only),https://gundam.fandom.com/wiki/RX-124_Gundam_TR-6_(Psyco_Inle)
RX-124 Gundam TR-6 (Hrairoo II) (Novel only),https://gundam.fandom.com/wiki/RX-124_Gundam_TR-6_(Hrairoo_II)
RX-124 Gundam TR-6 (Kehaar II) (Novel only),https://gundam.fandom.com/wiki/RX-124_Gundam_TR-6_(Kehaar_II)
RX-124 Gundam TR-6 (Advanced Kehaar II) (Novel only),https://gundam.fandom.com/wiki/RX-124_Gundam_TR-6_(Advanced_Kehaar_II)
RX-124 Gundam TR-6 (Woundwort-Rah) (Novel only),https://gundam.fandom.com/wiki/RX-124_Gundam_TR-6_(Woundwort-Rah)
RX-124 Gundam TR-6 (Woundwort) Gigantic Form (Novel only),https://gundam.fandom.com/wiki/RX-124_Gundam_TR-6_(Woundwort)_Gigantic_Form
RX-124 Gundam TR-6 (Hi-Zack II) (Novel only),https://gundam.fandom.com/wiki/RX-124_Gundam_TR-6_(Hi-Zack_II)
RX-124 Gundam TR-6 (Hazel II) (Novel only),https://gundam.fandom.com/wiki/RX-124_Gundam_TR-6_(Hazel_II)
RX-124 Gundam TR-6 (Gaplant II) (Novel only),https://gundam.fandom.com/wiki/RX-124_Gundam_TR-6_(Gaplant_II)
RX-124 Gundam TR-6 (Woundwort) Base Defense Form (Novel only),https://gundam.fandom.com/wiki/RX-124_Gundam_TR-6_(Woundwort)_Base_Defense_Form
ARZ-125 Rehaize (Manga only),https://gundam.fandom.com/wiki/ARZ-125_Rehaize
MSW-004 Gundam (Kestrel) (Manga only),https://gundam.fandom.com/wiki/MSW-004_Gundam_(Kestrel)
MSW-004 Gundam (Kestrel) Maneuver Exterior (Manga only),https://gundam.fandom.com/wiki/MSW-004_Gundam_(Kestrel)_Maneuver_Exterior
MSW-004 Gundam (Kestrel) Armor Exterior (Manga only),https://gundam.fandom.com/wiki/MSW-004_Gundam_(Kestrel)_Armor_Exterior
MSW-004 Full-Armor Kestrel (Manga only),https://gundam.fandom.com/wiki/MSW-004_Full-Armor_Kestrel
MSS-008 Le Cygne (Manga only),https://gundam.fandom.com/wiki/MSS-008_Le_Cygne
ORX-008 Gundam [Gullinbursti] (Manga only),https://gundam.fandom.com/wiki/ORX-008_Gundam_%EF%BC%BBGullinbursti%EF%BC%BD
ORX-009 Gundam [Skoll] (Manga only),https://gundam.fandom.com/wiki/ORX-009_Gundam_%EF%BC%BBSk%C3%B6ll%EF%BC%BD
RX-178 Gundam Mk-II,https://gundam.fandom.com/wiki/RX-178_Gundam_Mk-II
RX-178+FXA-05D Super Gundam,https://gundam.fandom.com/wiki/RX-178%2BFXA-05D_Super_Gundam
FA-178 Full Armor Gundam Mk-II (MSV only),https://gundam.fandom.com/wiki/FA-178_Full_Armor_Gundam_Mk-II
MSN-001 Delta Gundam (MSV only),https://gundam.fandom.com/wiki/MSN-001_Delta_Gundam
MSN-001-2 Delta Gundam II,https://gundam.fandom.com/wiki/MSN-001-2_Delta_Gundam_II
MSN-001A1 Delta Plus,https://gundam.fandom.com/wiki/MSN-001A1_Delta_Plus
MSN-001X Gundam Delta Kai (Manga only),https://gundam.fandom.com/wiki/MSN-001X_Gundam_Delta_Kai
MSN-001X[G] Land Combat Type Gundam Delta Kai (Manga only),https://gundam.fandom.com/wiki/MSN-001X(G)_Land_Combat_Type_Gundam_Delta_Kai
MSN-00100 Hyaku Shiki,https://gundam.fandom.com/wiki/MSN-00100_Hyaku_Shiki
MSZ-006 Zeta Gundam,https://gundam.fandom.com/wiki/MSZ-006_Zeta_Gundam
MSZ-006-3A Zeta Gundam 3A Type (OVA only),https://gundam.fandom.com/wiki/MSZ-006-3A_Zeta_Gundam_3A_Type
MSZ-006-3B Zeta Gundam 3B Type (OVA only),https://gundam.fandom.com/wiki/MSZ-006-3B_Zeta_Gundam_3B_Type
MSZ-006-P2/3C Zeta Gundam P2/3C Type (OVA only),https://gundam.fandom.com/wiki/MSZ-006-P2/3C_Zeta_Gundam_P2/3C_Type
MSZ-008 ZII (MSV/Manga only),https://gundam.fandom.com/wiki/MSZ-008_ZII
MRX-007 Prototype Psyco Gundam (MSV only),https://gundam.fandom.com/wiki/MRX-007_Prototype_Psyco_Gundam
MRX-009 Psyco Gundam,https://gundam.fandom.com/wiki/MRX-009_Psyco_Gundam
MRX-010 Psyco Gundam Mark II,https://gundam.fandom.com/wiki/MRX-010_Psyco_Gundam_Mark_II
MRX-011 Mass Production Type Psyco Gundam (MSV/Manga only),https://gundam.fandom.com/wiki/MRX-011_Mass_Production_Type_Psyco_Gundam
MRX-013-3 Psycho Gundam Mk-IV G-Doors (Manga only),https://gundam.fandom.com/wiki/MRX-013-3_Psycho_Gundam_Mk-IV_G-Doors
MSF-007 Gundam Mk-III (MSV only),https://gundam.fandom.com/wiki/MSF-007_Gundam_Mk-III
FA-007GIII Full Armor Gundam Mk-III (MSV/Manga only),https://gundam.fandom.com/wiki/FA-007GIII_Full_Armor_Gundam_Mk-III
ORX-012 Gundam Mk-IV (Game only),https://gundam.fandom.com/wiki/ORX-012_Gundam_Mk-IV
MSA-0011 S Gundam (Novel only),https://gundam.fandom.com/wiki/MSA-0011_S_Gundam
MSA-0011 [Bst] S Gundam Booster Unit Type (Novel only),https://gundam.fandom.com/wiki/MSA-0011%EF%BC%BBBst%EF%BC%BD_S_Gundam_Booster_Unit_Type
"MSA-0011(Bst) S Gundam Booster Unit Type Plan 303E ""Deep Striker"" (Novel only)",https://gundam.fandom.com/wiki/MSA-0011(Bst)_S_Gundam_Booster_Unit_Type_Plan_303E_%22Deep_Striker%22
MSA-0011(Ext) Ex-S Gundam (Novel only),https://gundam.fandom.com/wiki/MSA-0011(Ext)_Ex-S_Gundam
ORX-013 Gundam Mk-V (Novel only),https://gundam.fandom.com/wiki/ORX-013_Gundam_Mk-V
MSZ-009 Prototype ZZ Gundam (MSV only),https://gundam.fandom.com/wiki/MSZ-009_Prototype_ZZ_Gundam
MSZ-009B Prototype ZZ Gundam B Type (MSV/Manga only),https://gundam.fandom.com/wiki/MSZ-009B_Prototype_ZZ_Gundam_B_Type
MSZ-010 ZZ Gundam,https://gundam.fandom.com/wiki/MSZ-010_%CE%96%CE%96_Gundam
Gump (Manga only),https://gundam.fandom.com/wiki/Gump
MSZ-010S Enhanced ZZ Gundam,https://gundam.fandom.com/wiki/MSZ-010S_Enhanced_ZZ_Gundam
FA-010S Full Armor ZZ Gundam,https://gundam.fandom.com/wiki/FA-010S_Full_Armor_ZZ_Gundam
"MWS-19051G D Gundam ""First"" (Manga only)",https://gundam.fandom.com/wiki/MWS-19051G_D_Gundam_%22First%22
"MWS-19051G-2 D Gundam ""Second"" (Manga only)",https://gundam.fandom.com/wiki/MWS-19051G-2_D_Gundam_%22Second%22
"RGX-D3 D Gundam ""Third"" (Manga only)",https://gundam.fandom.com/wiki/RGX-D3_D_Gundam_%22Third%22
"RGX-D4 D Gundam ""Fourth"" (Manga only)",https://gundam.fandom.com/wiki/RGX-D4_D_Gundam_%22Fourth%22
RGZ-91 Re-GZ,https://gundam.fandom.com/wiki/RGZ-91_Re-GZ
RGZ-91B Re-GZ Custom (MSV only),https://gundam.fandom.com/wiki/RGZ-91B_Re-GZ_Custom
ARX-014 Silver Bullet,https://gundam.fandom.com/wiki/ARX-014_Silver_Bullet
ARX-014P Silver Bullet (Funnel Test Type) (MSV only),https://gundam.fandom.com/wiki/ARX-014P_Silver_Bullet_(Funnel_Test_Type)
ARX-014S Silver Bullet Suppressor,https://gundam.fandom.com/wiki/ARX-014S_Silver_Bullet_Suppressor
AMS-123X-X Moon Gundam (Manga only),https://gundam.fandom.com/wiki/AMS-123X-X_Moon_Gundam
RX-93 Nu Gundam,https://gundam.fandom.com/wiki/RX-93_%CE%BD_Gundam
RX-93 Nu Gundam Double Fin Funnel Type (MSV only),https://gundam.fandom.com/wiki/RX-93_%CE%BD_Gundam_Double_Fin_Funnel_Type
RX-93-Nu2 Hi-Nu Gundam (Manga/Novel only),https://gundam.fandom.com/wiki/RX-93-%CE%BD2_Hi-%CE%BD_Gundam
RX-94 Mass Production Type Nu Gundam (MSV only),https://gundam.fandom.com/wiki/RX-94_Mass_Production_Type_%CE%BD_Gundam
RX-0 Unicorn Gundam,https://gundam.fandom.com/wiki/RX-0_Unicorn_Gundam
RX-0 Full Armor Unicorn Gundam,https://gundam.fandom.com/wiki/RX-0_Full_Armor_Unicorn_Gundam
RX-0 Full Armor Unicorn Gundam Plan B (Movie only),https://gundam.fandom.com/wiki/RX-0_Full_Armor_Unicorn_Gundam_Plan_B
RX-0 Unicorn Gundam 02 Banshee,https://gundam.fandom.com/wiki/RX-0_Unicorn_Gundam_02_Banshee
RX-0(N) Unicorn Gundam 02 Banshee Norn,https://gundam.fandom.com/wiki/RX-0(N)_Unicorn_Gundam_02_Banshee_Norn
RX-0 Unicorn Gundam 03 Phenex,https://gundam.fandom.com/wiki/RX-0_Unicorn_Gundam_03_Phenex
RX-9 Narrative Gundam,https://gundam.fandom.com/wiki/RX-9_Narrative_Gundam
RX-9/A Narrative Gundam A-Packs,https://gundam.fandom.com/wiki/RX-9/A_Narrative_Gundam_A-Packs
RX-9/B Narrative Gundam B-Packs,https://gundam.fandom.com/wiki/RX-9/B_Narrative_Gundam_B-Packs
RX-9/C Narrative Gundam C-Packs,https://gundam.fandom.com/wiki/RX-9/C_Narrative_Gundam_C-Packs
RIX-001 Gundam G-First (Manga only),https://gundam.fandom.com/wiki/RIX-001_Gundam_G-First
RX-105 Xi Gundam (Novel only),https://gundam.fandom.com/wiki/RX-105_%CE%9E_Gundam
RX-104FF Penelope (Novel only),https://gundam.fandom.com/wiki/RX-104FF_Penelope
F70 Cannon Gundam (Manga only),https://gundam.fandom.com/wiki/F70_Cannon_Gundam
F90 Gundam Formula 90 (Manga only),https://gundam.fandom.com/wiki/F90_Gundam_Formula_90
F90A Gundam F90 Assault Type (Manga only),https://gundam.fandom.com/wiki/F90A_Gundam_F90_Assault_Type
F90D Gundam F90 Destroid Type (Manga only),https://gundam.fandom.com/wiki/F90D_Gundam_F90_Destroid_Type
F90E Gundam F90 Reconnaissance Type (Manga only),https://gundam.fandom.com/wiki/F90E_Gundam_F90_Reconnaissance_Type
F90H Gundam F90 Hover Type (Manga only),https://gundam.fandom.com/wiki/F90H_Gundam_F90_Hover_Type
F90M Gundam F90 Marine Type (Manga only),https://gundam.fandom.com/wiki/F90M_Gundam_F90_Marine_Type
F90P Gundam F90 Plunge Type (Manga only),https://gundam.fandom.com/wiki/F90P_Gundam_F90_Plunge_Type
F90S Gundam F90 Support Type (Manga only),https://gundam.fandom.com/wiki/F90S_Gundam_F90_Support_Type
F90V Gundam F90 VSBR Type (Manga only),https://gundam.fandom.com/wiki/F90V_Gundam_F90_VSBR_Type
F90II Gundam F90II (Manga only),https://gundam.fandom.com/wiki/F90II_Gundam_F90II
F90II-I Gundam F90II Intercept Type (Manga only),https://gundam.fandom.com/wiki/F90II-I_Gundam_F90II_Intercept_Type
F90II-L Gundam F90II Long Range Type (Manga only),https://gundam.fandom.com/wiki/F90II-L_Gundam_F90II_Long_Range_Type
OMS-90R Gundam Formula 90 (Manga only),https://gundam.fandom.com/wiki/OMS-90R_Gundam_Formula_90
F91 Gundam F91,https://gundam.fandom.com/wiki/F91_Gundam_F91
F91 Gundam F91 Twin VSBR Type (MSV only),https://gundam.fandom.com/wiki/F91_Gundam_F91_Twin_VSBR_Type
RXF-91 Silhouette Gundam (Manga only),https://gundam.fandom.com/wiki/RXF-91_Silhouette_Gundam
RXF-91A Silhouette Gundam Kai (Manga only),https://gundam.fandom.com/wiki/RXF-91A_Silhouette_Gundam_Kai
RX-99 Neo Gundam (Manga only),https://gundam.fandom.com/wiki/RX-99_Neo_Gundam
F90III-Y Cluster Gundam (Manga only),https://gundam.fandom.com/wiki/F90III-Y_Cluster_Gundam
F90Y Kai Cluster Gundam Kai Prototype (Manga only),https://gundam.fandom.com/wiki/F90Y%E6%94%B9_Cluster_Gundam_Kai_Prototype
XM-X1 Crossbone Gundam X-1 (Manga only),https://gundam.fandom.com/wiki/XM-X1_Crossbone_Gundam_X-1
XM-X1 Crossbone Gundam X-1 Full Armor (Manga only),https://gundam.fandom.com/wiki/XM-X1_Crossbone_Gundam_X-1_Full_Armor
XM-X1 Crossbone Gundam X-1 Kai (Manga only),https://gundam.fandom.com/wiki/XM-X1_Crossbone_Gundam_X-1_Kai
"XM-X1 Crossbone Gundam X-1 Kai Kai ""Skull Heart"" (Manga only)",https://gundam.fandom.com/wiki/XM-X1_Crossbone_Gundam_X-1_Kai_Kai_%22Skull_Heart%22
XM-X2 Crossbone Gundam X-2 (Manga only),https://gundam.fandom.com/wiki/XM-X2_Crossbone_Gundam_X-2
XM-X2 Crossbone Gundam X-2 Kai (Manga only),https://gundam.fandom.com/wiki/XM-X2_Crossbone_Gundam_X-2_Kai
XM-X3 Crossbone Gundam X-3 (Manga only),https://gundam.fandom.com/wiki/XM-X3_Crossbone_Gundam_X-3
Amakusa (Manga only),https://gundam.fandom.com/wiki/Amakusa
EMS-TC02 Phantom Gundam (Manga only),https://gundam.fandom.com/wiki/EMS-TC02_Phantom_Gundam
XM-XX Ghost Gundam (Manga only),https://gundam.fandom.com/wiki/XM-XX_Ghost_Gundam
X-0 Crossbone Gundam Ghost (Manga only),https://gundam.fandom.com/wiki/X-0_Crossbone_Gundam_Ghost
LM312V04 Victory Gundam,https://gundam.fandom.com/wiki/LM312V04_Victory_Gundam
LM312V04+SD-VB03A V-Dash Gundam,https://gundam.fandom.com/wiki/LM312V04%2BSD-VB03A_V-Dash_Gundam
LM312V06 Victory Gundam Hexa,https://gundam.fandom.com/wiki/LM312V06_Victory_Gundam_Hexa
LM312V06+SD-VB03A V-Dash Gundam Hexa,https://gundam.fandom.com/wiki/LM312V06%2BSD-VB03A_V-Dash_Gundam_Hexa
LM314V21 Victory 2 Gundam,https://gundam.fandom.com/wiki/LM314V21_Victory_2_Gundam
LM314V23 Victory 2 Buster Gundam,https://gundam.fandom.com/wiki/LM314V23_Victory_2_Buster_Gundam
LM314V24 Victory 2 Assault Gundam,https://gundam.fandom.com/wiki/LM314V24_Victory_2_Assault_Gundam
LM314V23/24 V2 Assault-Buster Gundam,https://gundam.fandom.com/wiki/LM314V23/24_V2_Assault-Buster_Gundam
Victory 3 Gundam (Game only),https://gundam.fandom.com/wiki/Victory_3_Gundam
G-SAVIOUR G-Saviour Origin,https://gundam.fandom.com/wiki/G-SAVIOUR_G-Saviour_Origin
G-SAVIOUR G-Saviour Space Mode,https://gundam.fandom.com/wiki/G-SAVIOUR_G-Saviour_Space_Mode
G-SAVIOUR G-Saviour Terrain Mode,https://gundam.fandom.com/wiki/G-SAVIOUR_G-Saviour_Terrain_Mode
G-SAVIOUR G-Saviour Terrain Mode Hover Type,https://gundam.fandom.com/wiki/G-SAVIOUR_G-Saviour_Terrain_Mode_Hover_Type
G2-Saviour (MSV only),https://gundam.fandom.com/wiki/G2-Saviour
G3-Saviour (Game only),https://gundam.fandom.com/wiki/G3-Saviour
I-SAVIOUR Illusion,https://gundam.fandom.com/wiki/I-SAVIOUR_Illusion
JDG-00X Devil Gundam,https://gundam.fandom.com/wiki/JDG-00X_Devil_Gundam
JDG-010 Devil Gundam Junior (Manga only),https://gundam.fandom.com/wiki/JDG-010_Devil_Gundam_Junior
GF4-001NE Pharaoh Gundam IV,https://gundam.fandom.com/wiki/GF4-001NE_Pharaoh_Gundam_IV
GF4-005NC Feilong Gundam,https://gundam.fandom.com/wiki/GF4-005NC_Feilong_Gundam
GF7-010NC Kouga Gundam (Manga only),https://gundam.fandom.com/wiki/GF7-010NC_Kouga_Gundam
GF7-013NJ Yamato Gundam (Manga only),https://gundam.fandom.com/wiki/GF7-013NJ_Yamato_Gundam
GF7-018NR Mosque Gundam (Manga only),https://gundam.fandom.com/wiki/GF7-018NR_Mosque_Gundam
GF7-019NF Eiffel Gundam (Manga only),https://gundam.fandom.com/wiki/GF7-019NF_Eiffel_Gundam
GF7-021NG Kaiser Gundam (Manga only),https://gundam.fandom.com/wiki/GF7-021NG_Kaiser_Gundam
GF7-023NA Gundam Freedom (Manga only),https://gundam.fandom.com/wiki/GF7-023NA_Gundam_Freedom
GF7-010NC Kouga Gundam (Manga only),https://gundam.fandom.com/wiki/GF7-010NC_Kouga_Gundam
GF7-013NJ Yamato Gundam (Manga only),https://gundam.fandom.com/wiki/GF7-013NJ_Yamato_Gundam
GF7-018NR Mosque Gundam (Manga only),https://gundam.fandom.com/wiki/GF7-018NR_Mosque_Gundam
GF7-019NF Eiffel Gundam (Manga only),https://gundam.fandom.com/wiki/GF7-019NF_Eiffel_Gundam
GF7-021NG Kaiser Gundam (Manga only),https://gundam.fandom.com/wiki/GF7-021NG_Kaiser_Gundam
GF7-023NA Gundam Freedom (Manga only),https://gundam.fandom.com/wiki/GF7-023NA_Gundam_Freedom
GF13-011NC Dragon Gundam,https://gundam.fandom.com/wiki/GF13-011NC_Dragon_Gundam
GF13-012NN Viking Gundam,https://gundam.fandom.com/wiki/GF13-012NN_Viking_Gundam
GF13-013NR Bolt Gundam,https://gundam.fandom.com/wiki/GF13-013NR_Bolt_Gundam
GF13-017NJ Shining Gundam,https://gundam.fandom.com/wiki/GF13-017NJ_Shining_Gundam
GF13-017NJII God Gundam,https://gundam.fandom.com/wiki/GF13-017NJII_God_Gundam
GF13-020NK Zebra Gundam,https://gundam.fandom.com/wiki/GF13-020NK_Zebra_Gundam
GF13-021NG Gundam Spiegel,https://gundam.fandom.com/wiki/GF13-021NG_Gundam_Spiegel
GF13-026ND Mermaid Gundam,https://gundam.fandom.com/wiki/GF13-026ND_Mermaid_Gundam
GF13-030NIN Cobra Gundam,https://gundam.fandom.com/wiki/GF13-030NIN_Cobra_Gundam
GF11-033NNP Tantra Gundam,https://gundam.fandom.com/wiki/GF11-033NNP_Tantra_Gundam
GF13-037NCA Lumber Gundam,https://gundam.fandom.com/wiki/GF13-037NCA_Lumber_Gundam
GF13-039NP Jester Gundam,https://gundam.fandom.com/wiki/GF13-039NP_Jester_Gundam
GF13-041NSI Ashura Gundam,https://gundam.fandom.com/wiki/GF13-041NSI_Ashura_Gundam
GF13-044NNP Mandala Gundam,https://gundam.fandom.com/wiki/GF13-044NNP_Mandala_Gundam
GF13-045NSP Matador Gundam,https://gundam.fandom.com/wiki/GF13-045NSP_Matador_Gundam
GF13-047NMA Skull Gundam,https://gundam.fandom.com/wiki/GF13-047NMA_Skull_Gundam
GF13-049NM Tequila Gundam,https://gundam.fandom.com/wiki/GF13-049NM_Tequila_Gundam
GF13-050NSW Nobel Gundam,https://gundam.fandom.com/wiki/GF13-050NSW_Nobel_Gundam
GF13-050NSWII Super Nobel Gundam (Manga only),https://gundam.fandom.com/wiki/GF13-050NSWII_Super_Nobel_Gundam
GF13-051NE Pharaoh Gundam XIII,https://gundam.fandom.com/wiki/GF13-051NE_Pharaoh_Gundam_XIII
GF13-052NT Minaret Gundam,https://gundam.fandom.com/wiki/GF13-052NT_Minaret_Gundam
GF13-053NMO Temjin Gundam,https://gundam.fandom.com/wiki/GF13-053NMO_Temjin_Gundam
GF13-055NI Neros Gundam,https://gundam.fandom.com/wiki/GF13-055NI_Neros_Gundam
GF13-066NO Nether Gundam,https://gundam.fandom.com/wiki/GF13-066NO_Nether_Gundam
GF13-073NPO Gundam Magnat,https://gundam.fandom.com/wiki/GF13-073NPO_Gundam_Magnat
GF13-083NCB Arachno Gundam,https://gundam.fandom.com/wiki/GF13-083NCB_Arachno_Gundam
JMF1336R Rising Gundam,https://gundam.fandom.com/wiki/JMF1336R_Rising_Gundam
Gundam Octopus,https://gundam.fandom.com/wiki/Gundam_Octopus
Hirame Gundam,https://gundam.fandom.com/wiki/Hirame_Gundam
Ankou Gundam,https://gundam.fandom.com/wiki/Ankou_Gundam
Ebi Gundam,https://gundam.fandom.com/wiki/Ebi_Gundam
Sphinx Gundam,https://gundam.fandom.com/wiki/Sphinx_Gundam
Neo England Gundam (Manga only),https://gundam.fandom.com/wiki/Neo_England_Gundam
Mirage Gundam,https://gundam.fandom.com/wiki/Mirage_Gundam
Brahman Gundam (Manga only),https://gundam.fandom.com/wiki/Brahman_Gundam
Scud Gundam,https://gundam.fandom.com/wiki/Scud_Gundam
Ferrari Gundam (Manga only),https://gundam.fandom.com/wiki/Ferrari_Gundam
Turtle Gundam,https://gundam.fandom.com/wiki/Turtle_Gundam
Gundam Franken (Manga only),https://gundam.fandom.com/wiki/Gundam_Franken
Jumping Gundam (Manga only),https://gundam.fandom.com/wiki/Jumping_Gundam
M rchen Gundam (Manga only),https://gundam.fandom.com/wiki/M%C3%A4rchen_Gundam
Grand Gundam,https://gundam.fandom.com/wiki/Grand_Gundam
Gundam Heaven's Sword,https://gundam.fandom.com/wiki/Gundam_Heaven%27s_Sword
Walter Gundam,https://gundam.fandom.com/wiki/Walter_Gundam
Brahman Gundam (Manga only),https://gundam.fandom.com/wiki/Brahman_Gundam
Scud Gundam,https://gundam.fandom.com/wiki/Scud_Gundam
Ferrari Gundam (Manga only),https://gundam.fandom.com/wiki/Ferrari_Gundam
Turtle Gundam,https://gundam.fandom.com/wiki/Turtle_Gundam
Gundam Franken (Manga only),https://gundam.fandom.com/wiki/Gundam_Franken
Jumping Gundam (Manga only),https://gundam.fandom.com/wiki/Jumping_Gundam
M rchen Gundam (Manga only),https://gundam.fandom.com/wiki/M%C3%A4rchen_Gundam
Grand Gundam,https://gundam.fandom.com/wiki/Grand_Gundam
Gundam Heaven's Sword,https://gundam.fandom.com/wiki/Gundam_Heaven%27s_Sword
Walter Gundam,https://gundam.fandom.com/wiki/Walter_Gundam
OZX-GU01A Gundam Geminass 01 (Manga only),https://gundam.fandom.com/wiki/OZX-GU01A_Gundam_Geminass_01
OZX-GU01LOB Gundam L.O. Booster (Manga only),https://gundam.fandom.com/wiki/OZX-GU01LOB_Gundam_L.O._Booster
OZX-GU02A Gundam Geminass 02 (Manga only),https://gundam.fandom.com/wiki/OZX-GU02A_Gundam_Geminass_02
OZ-10VMSX Gundam Aesculapius (Manga only),https://gundam.fandom.com/wiki/OZ-10VMSX_Gundam_Aesculapius
OZ-10VMSX-2 Gundam Burnlapius (Manga only),https://gundam.fandom.com/wiki/OZ-10VMSX-2_Gundam_Burnlapius
OZ-13MS Gundam Epyon,https://gundam.fandom.com/wiki/OZ-13MS_Gundam_Epyon
OZ-14MS Gundam Aquarius (Game only),https://gundam.fandom.com/wiki/OZ-14MS_Gundam_Aquarius
OZ-15AGX Hydra Gundam (Manga only),https://gundam.fandom.com/wiki/OZ-15AGX_Hydra_Gundam
OZ-19MASX Gundam Griepe (Manga only),https://gundam.fandom.com/wiki/OZ-19MASX_Gundam_Griepe
XXXG-00W0 Wing Gundam Zero,https://gundam.fandom.com/wiki/XXXG-00W0_Wing_Gundam_Zero
XXXG-00W0L Gundam Lucifer (Manga only),https://gundam.fandom.com/wiki/XXXG-00W0L_Gundam_Lucifer
XXXG-00W0S Wing Gundam Seraphim (Manga only),https://gundam.fandom.com/wiki/XXXG-00W0S_Wing_Gundam_Seraphim
XXXG-01W Wing Gundam,https://gundam.fandom.com/wiki/XXXG-01W_Wing_Gundam
XXXG-01D Gundam Deathscythe,https://gundam.fandom.com/wiki/XXXG-01D_Gundam_Deathscythe
XXXG-01D2 Gundam Deathscythe Hell,https://gundam.fandom.com/wiki/XXXG-01D2_Gundam_Deathscythe_Hell
XXXG-01DG Gundam Deathscythe Guilty (Manga only),https://gundam.fandom.com/wiki/XXXG-01DG_Gundam_Deathscythe_Guilty
XXXG-01DG2 Gundam Deathscythe Guilty Custom (Manga only),https://gundam.fandom.com/wiki/XXXG-01DG2_Gundam_Deathscythe_Guilty_Custom
XXXG-01H Gundam Heavyarms,https://gundam.fandom.com/wiki/XXXG-01H_Gundam_Heavyarms
XXXG-01H2 Gundam Heavyarms Kai,https://gundam.fandom.com/wiki/XXXG-01H2_Gundam_Heavyarms_Kai
XXXG-01HD Gundam Derringer Arms (Manga only),https://gundam.fandom.com/wiki/XXXG-01HD_Gundam_Derringer_Arms
XXXG-01SR Gundam Sandrock,https://gundam.fandom.com/wiki/XXXG-01SR_Gundam_Sandrock
XXXG-01SR2 Gundam Sandrock Kai,https://gundam.fandom.com/wiki/XXXG-01SR2_Gundam_Sandrock_Kai
XXXG-01SRL Gundam Sandleon (Manga only),https://gundam.fandom.com/wiki/XXXG-01SRL_Gundam_Sandleon
XXXG-01SRL2 Gundam Sandleon Custom (Manga only),https://gundam.fandom.com/wiki/XXXG-01SRL2_Gundam_Sandleon_Custom
XXXG-01S Shenlong Gundam,https://gundam.fandom.com/wiki/XXXG-01S_Shenlong_Gundam
XXXG-01S-2 Altron Gundam,https://gundam.fandom.com/wiki/XXXG-01S-2_Altron_Gundam
XXXG-01ST T'ien-Lung Gundam (Manga only),https://gundam.fandom.com/wiki/XXXG-01ST_T%27ien-Lung_Gundam
GT-9600 Gundam Leopard,https://gundam.fandom.com/wiki/GT-9600_Gundam_Leopard
GT-9600-D Gundam Leopard Destroy,https://gundam.fandom.com/wiki/GT-9600-D_Gundam_Leopard_Destroy
GB-9700 Gundam Belphagor (Manga only),https://gundam.fandom.com/wiki/GB-9700_Gundam_Belphagor
GW-9800 Gundam Airmaster,https://gundam.fandom.com/wiki/GW-9800_Gundam_Airmaster
GW-9800-B Gundam Airmaster Burst,https://gundam.fandom.com/wiki/GW-9800-B_Gundam_Airmaster_Burst
GX-9900 Gundam X,https://gundam.fandom.com/wiki/GX-9900_Gundam_X
GX-9900-DV Gundam X Divider,https://gundam.fandom.com/wiki/GX-9900-DV_Gundam_X_Divider
GX-9901-DX Gundam Double X,https://gundam.fandom.com/wiki/GX-9901-DX_Gundam_Double_X
NRX-0013 Gundam Virsago,https://gundam.fandom.com/wiki/NRX-0013_Gundam_Virsago
NRX-0013-CB Gundam Virsago Chest Break,https://gundam.fandom.com/wiki/NRX-0013-CB_Gundam_Virsago_Chest_Break
NRX-0015 Gundam Ashtaron,https://gundam.fandom.com/wiki/NRX-0015_Gundam_Ashtaron
NRX-0015-HC Gundam Ashtaron Hermit Crab,https://gundam.fandom.com/wiki/NRX-0015-HC_Gundam_Ashtaron_Hermit_Crab
SYSTEM ÅÕ-99 (WD-M01) Turn A Gundam,https://gundam.fandom.com/wiki/SYSTEM_%E2%88%80-99_(WD-M01)_%E2%88%80_Gundam
GAT-X105 Strike Gundam,https://gundam.fandom.com/wiki/GAT-X105_Strike_Gundam
GAT-X105+AQM/E-X01 Aile Strike Gundam,https://gundam.fandom.com/wiki/GAT-X105%2BAQM/E-X01_Aile_Strike_Gundam
GAT-X105+AQM/E-X02 Sword Strike Gundam,https://gundam.fandom.com/wiki/GAT-X105%2BAQM/E-X02_Sword_Strike_Gundam
GAT-X105+AQM/E-X03 Launcher Strike Gundam,https://gundam.fandom.com/wiki/GAT-X105%2BAQM/E-X03_Launcher_Strike_Gundam
GAT-X105+AQM/E-X04 Gunbarrel Strike (MSV/Manga only),https://gundam.fandom.com/wiki/GAT-X105%2BAQM/E-X04_Gunbarrel_Strike
GAT-X105+P204QX Lightning Strike Gundam (MSV/Manga only),https://gundam.fandom.com/wiki/GAT-X105%2BP204QX_Lightning_Strike_Gundam
GAT-X105+P202QX Strike Gundam IWSP (MSV/Manga only),https://gundam.fandom.com/wiki/GAT-X105%2BP202QX_Strike_Gundam_IWSP
GAT-X105+AQM/E-YM1 Perfect Strike Gundam,https://gundam.fandom.com/wiki/GAT-X105%2BAQM/E-YM1_Perfect_Strike_Gundam
CAT1-X1/3 Hyperion Gundam Unit 1 (Manga only),https://gundam.fandom.com/wiki/CAT1-X1/3_Hyperion_Gundam_Unit_1
CAT1-X2/3 Hyperion Gundam Unit 2 (Manga only),https://gundam.fandom.com/wiki/CAT1-X2/3_Hyperion_Gundam_Unit_2
CAT1-X3/3 Hyperion Gundam Unit 3 (Manga only),https://gundam.fandom.com/wiki/CAT1-X3/3_Hyperion_Gundam_Unit_3
GAT-X131 Calamity Gundam,https://gundam.fandom.com/wiki/GAT-X131_Calamity_Gundam
GAT-X133 Sword Calamity Gundam (Manga only),https://gundam.fandom.com/wiki/GAT-X133_Sword_Calamity
GAT-X252 Forbidden Gundam,https://gundam.fandom.com/wiki/GAT-X252_Forbidden_Gundam
GAT-X255 Forbidden Blue Gundam (Manga only),https://gundam.fandom.com/wiki/GAT-X255_Forbidden_Blue
GAT-706S Deep Forbidden (MSV only),https://gundam.fandom.com/wiki/GAT-706S_Deep_Forbidden
GAT-707E Forbidden Vortex,https://gundam.fandom.com/wiki/GAT-707E_Forbidden_Vortex
GAT-X370 Raider Gundam,https://gundam.fandom.com/wiki/GAT-X370_Raider_Gundam
GAT-333 Raider Full Spec,https://gundam.fandom.com/wiki/GAT-333_Raider_Full_Spec
ZGMF-X12A Testament Gundam (Manga only),https://gundam.fandom.com/wiki/ZGMF-X12A_Testament_Gundam
ZGMF-X24S Chaos Gundam,https://gundam.fandom.com/wiki/ZGMF-X24S_Chaos_Gundam
ZGMF-X31S Abyss Gundam,https://gundam.fandom.com/wiki/ZGMF-X31S_Abyss_Gundam
ZGMF-X88S Gaia Gundam,https://gundam.fandom.com/wiki/ZGMF-X88S_Gaia_Gundam
ZGMF-YX21R Proto-Saviour (Manga only),https://gundam.fandom.com/wiki/ZGMF-YX21R_Proto-Saviour
ZGMF-YX21R+X11A (RGX-04) Proto-Saviour (Manga only),https://gundam.fandom.com/wiki/ZGMF-YX21R%2BX11A_(RGX-04)_Proto-Saviour
GAT-X1022 Blu Duel Gundam,https://gundam.fandom.com/wiki/GAT-X1022_Blu_Duel_Gundam
GAT-X103AP Verde Buster Gundam,https://gundam.fandom.com/wiki/GAT-X103AP_Verde_Buster_Gundam
GAT-X105E Strike Gundam E (Manga only),https://gundam.fandom.com/wiki/GAT-X105E_Strike_Gundam_E
GAT-X105E+AQM/E-X09S Strike Noir Gundam,https://gundam.fandom.com/wiki/GAT-X105E%2BAQM/E-X09S_Strike_Noir_Gundam
GAT-X207SR Nero Blitz Gundam (Manga only),https://gundam.fandom.com/wiki/GAT-X207SR_Nero_Blitz_Gundam
GAT-X303AA Rosso Aegis Gundam (Manga only),https://gundam.fandom.com/wiki/GAT-X303AA_Rosso_Aegis_Gundam
GFAS-X1 Destroy Gundam,https://gundam.fandom.com/wiki/GFAS-X1_Destroy_Gundam
GAT-FJ108 Raigo Gundam (Manga only),https://gundam.fandom.com/wiki/GAT-FJ108_Raigo_Gundam
GAT-X102 Duel Gundam,https://gundam.fandom.com/wiki/GAT-X102_Duel_Gundam
GAT-X103 Buster Gundam,https://gundam.fandom.com/wiki/GAT-X103_Buster_Gundam
GAT-X207 Blitz Gundam,https://gundam.fandom.com/wiki/GAT-X207_Blitz_Gundam
GAT-X303 Aegis Gundam,https://gundam.fandom.com/wiki/GAT-X303_Aegis_Gundam
ZGMF-X11A Regenerate Gundam (Manga only),https://gundam.fandom.com/wiki/ZGMF-X11A_Regenerate_Gundam
ZGMF-X13A Providence Gundam,https://gundam.fandom.com/wiki/ZGMF-X13A_Providence_Gundam
ZGMF-X56S Impulse Gundam,https://gundam.fandom.com/wiki/ZGMF-X56S_Impulse_Gundam
ZGMF-X56S Force Impulse Gundam,https://gundam.fandom.com/wiki/ZGMF-X56S/%CE%B1_Force_Impulse_Gundam
ZGMF-X56S Sword Impulse Gundam,https://gundam.fandom.com/wiki/ZGMF-X56S/%CE%B2_Sword_Impulse_Gundam
ZGMF-X56S Blast Impulse Gundam,https://gundam.fandom.com/wiki/ZGMF-X56S/%CE%B3_Blast_Impulse_Gundam
ZGMF-X56 Chaos Impulse Gundam (MSV only),https://gundam.fandom.com/wiki/ZGMF-X56/%CE%B4_Chaos_Impulse
ZGMF-X56 Abyss Impulse Gundam (MSV only),https://gundam.fandom.com/wiki/ZGMF-X56/%CE%B5_Abyss_Impulse
ZGMF-X56 Gaia Impulse Gundam (MSV only),https://gundam.fandom.com/wiki/ZGMF-X56/%CE%B6_Gaia_Impulse
ZGMF-X56S Destiny Impulse Gundam (MSV only),https://gundam.fandom.com/wiki/ZGMF-X56S/%CE%B8_Destiny_Impulse_Gundam
ZGMF-X56S Destiny Impulse Gundam R (Novel only),https://gundam.fandom.com/wiki/ZGMF-X56S/%CE%B9_Destiny_Impulse_Gundam_R
ZGMF-X23S Saviour Gundam,https://gundam.fandom.com/wiki/ZGMF-X23S_Saviour_Gundam
ZGMF-X666S Legend Gundam,https://gundam.fandom.com/wiki/ZGMF-X666S_Legend_Gundam
ZGMF-X42S Destiny Gundam,https://gundam.fandom.com/wiki/ZGMF-X42S_Destiny_Gundam
MBF-02 Strike Rouge,https://gundam.fandom.com/wiki/MBF-02_Strike_Rouge
MBF-02+AQM/E-X01 Aile Strike Rouge,https://gundam.fandom.com/wiki/MBF-02%2BAQM/E-X01_Aile_Strike_Rouge
MBF-02+AQM/E-X02 Sword Strike Rouge,https://gundam.fandom.com/wiki/MBF-02%2BAQM/E-X02_Sword_Strike_Rouge
MBF-02+AQM/E-X03 Launcher Strike Rouge,https://gundam.fandom.com/wiki/MBF-02%2BAQM/E-X03_Launcher_Strike_Rouge
MBF-02+EW454F Strike Rouge Ootori,https://gundam.fandom.com/wiki/MBF-02%2BEW454F_Strike_Rouge_Ootori
MBF-02+P202QX Strike Rouge IWSP (MSV/Novel only),https://gundam.fandom.com/wiki/MBF-02%2BP202QX_Strike_Rouge_IWSP
MBF-M1 M1 Astray,https://gundam.fandom.com/wiki/MBF-M1_M1_Astray
MVF-M11C Murasame,https://gundam.fandom.com/wiki/MVF-M11C_Murasame
ORB-01 Akatsuki Gundam,https://gundam.fandom.com/wiki/ORB-01_Akatsuki_Gundam
ZGMF-X09A Justice Gundam,https://gundam.fandom.com/wiki/ZGMF-X09A_Justice_Gundam
ZGMF-X19A Infinite Justice Gundam,https://gundam.fandom.com/wiki/ZGMF-X19A_Infinite_Justice_Gundam
ZGMF-X10A Freedom Gundam,https://gundam.fandom.com/wiki/ZGMF-X10A_Freedom_Gundam
ZGMF-X20A Strike Freedom Gundam,https://gundam.fandom.com/wiki/ZGMF-X20A_Strike_Freedom_Gundam
MBF-P01 Gundam Astray Gold Frame (Manga only),https://gundam.fandom.com/wiki/MBF-P01_Gundam_Astray_Gold_Frame
MBF-P01-ReAMATU Astray Gold Frame Amatsu (Manga only),https://gundam.fandom.com/wiki/MBF-P01-ReAMATU_Astray_Gold_Frame_Amatsu
MBF-P01-Re2AMATU Gundam Astray Gold Frame Amatsu Mina (Manga only),https://gundam.fandom.com/wiki/MBF-P01-Re2AMATU_Gundam_Astray_Gold_Frame_Amatsu_Mina
MBF-P02 Gundam Astray Red Frame (Manga/Novel only),https://gundam.fandom.com/wiki/MBF-P02_Gundam_Astray_Red_Frame
MBF-P02 Gundam Astray Red Dragon (Novel only),https://gundam.fandom.com/wiki/MBF-P02_Gundam_Astray_Red_Dragon
MBF-P02Kai Gundam Astray Red Frame Kai (Novel only),https://gundam.fandom.com/wiki/MBF-P02Kai_Gundam_Astray_Red_Frame_Kai
MBF-P03 Gundam Astray Blue Frame (Manga only),https://gundam.fandom.com/wiki/MBF-P03_Gundam_Astray_Blue_Frame
MBF-P03 Gundam Astray Blue Frame second L (Manga only),https://gundam.fandom.com/wiki/MBF-P03_Gundam_Astray_Blue_Frame
MBF-P03D Gundam Astray Blue Frame D (Novel only),https://gundam.fandom.com/wiki/MBF-P03D_Gundam_Astray_Blue_Frame_D
MBF-P03third Gundam Astray Blue Frame Third (Manga only),https://gundam.fandom.com/wiki/MBF-P03third_Gundam_Astray_Blue_Frame_Third
MBF-P04 Gundam Astray Green Frame (Manga only),https://gundam.fandom.com/wiki/MBF-P04_Gundam_Astray_Green_Frame
YMF-X000A Dreadnought Gundam (Manga only),https://gundam.fandom.com/wiki/YMF-X000A_Dreadnought_Gundam
YMF-X000A/H Dreadnought H (Manga/Novel only),https://gundam.fandom.com/wiki/YMF-X000A/H_Dreadnought_H
ZGMF-X12 Gundam Astray Out Frame (Manga only),https://gundam.fandom.com/wiki/ZGMF-X12_Gundam_Astray_Out_Frame
ZGMF-X12D Gundam Astray Out Frame D (Manga only),https://gundam.fandom.com/wiki/ZGMF-X12D_Gundam_Astray_Out_Frame_D
ZGMF-X12D Destiny Gundam Astray Out Frame D (Manga only),https://gundam.fandom.com/wiki/ZGMF-X12D/%CE%B8_Destiny_Gundam_Astray_Out_Frame_D
GSF-YAM01 Astray (Manga only),https://gundam.fandom.com/wiki/GSF-YAM01_%CE%94_Astray
MMF-JG73L (Manga only),https://gundam.fandom.com/wiki/MMF-JG73L_%E2%88%87
GSX-401FW Stargazer Gundam,https://gundam.fandom.com/wiki/GSX-401FW_Stargazer_Gundam
MBF-02VV Gundam Astray Turn Red (Novel only),https://gundam.fandom.com/wiki/MBF-02VV_Gundam_Astray_Turn_Red
MBF-P0X Gundam Astray Noir (Novel only),https://gundam.fandom.com/wiki/MBF-P0X_Gundam_Astray_Noir
MBF-P0XD Gundam Astray Noir D (Novel only),https://gundam.fandom.com/wiki/MBF-P0XD_Gundam_Astray_Noir_D
GAT-X131B Blau Calamity Gundam (Novel only),https://gundam.fandom.com/wiki/GAT-X131B_Blau_Calamity_Gundam
GAT-X252R Rot Forbidden Gundam (Novel only),https://gundam.fandom.com/wiki/GAT-X252R_Rot_Forbidden_Gundam
GAT-X370G Gelb Raider Gundam (Novel only),https://gundam.fandom.com/wiki/GAT-X370G_Gelb_Raider_Gundam
LG-GAT-X105 Gale Strike Gundam,https://gundam.fandom.com/wiki/LG-GAT-X105_Gale_Strike_Gundam
LH-GAT-X103 Hail Buster Gundam,https://gundam.fandom.com/wiki/LH-GAT-X103_Hail_Buster_Gundam
LN-ZGMF-X13A Nix Providence Gundam,https://gundam.fandom.com/wiki/LN-ZGMF-X13A_Nix_Providence_Gundam
LR-GAT-X102 Regen Duel Gundam,https://gundam.fandom.com/wiki/LR-GAT-X102_Regen_Duel_Gundam
LV-ZGMF-X23S Vent Saviour Gundam,https://gundam.fandom.com/wiki/LV-ZGMF-X23S_Vent_Saviour_Gundam
LN-GAT-X207 Nebula Blitz Gundam,https://gundam.fandom.com/wiki/LN-GAT-X207_Nebula_Blitz_Gundam
MBF-P05LM Astray Mirage Frame,https://gundam.fandom.com/wiki/MBF-P05LM_Astray_Mirage_Frame
MBF-P05LM2 Astray Mirage Frame 2nd Issue,https://gundam.fandom.com/wiki/MBF-P05LM2_Astray_Mirage_Frame_2nd_Issue
MBF-P05LM3 Astray Mirage Frame 3rd Issue,https://gundam.fandom.com/wiki/MBF-P05LM3_Astray_Mirage_Frame_3rd_Issue
CB-002 Raphael Gundam,https://gundam.fandom.com/wiki/CB-002_Raphael_Gundam
CB-002/GD Raphael Gundam Dominions (MSV only),https://gundam.fandom.com/wiki/CB-002/GD_Raphael_Gundam_Dominions
GN-000 0 Gundam,https://gundam.fandom.com/wiki/GN-000_0_Gundam
GN-000FA Full-Armor 0 Gundam (MSV only),https://gundam.fandom.com/wiki/GN-000FA_Full-Armor_0_Gundam
GNY-001 Gundam Astraea (Novel only),https://gundam.fandom.com/wiki/GNY-001_Gundam_Astraea
GNY-001F Gundam Astraea Type F (Manga only),https://gundam.fandom.com/wiki/GNY-001F_Gundam_Astraea_Type_F
GNY-001F2 Gundam Astraea Type F2 (Manga only),https://gundam.fandom.com/wiki/GNY-001F2_Gundam_Astraea_Type_F2
GNY-002 Gundam Sadalsuud (Novel only),https://gundam.fandom.com/wiki/GNY-002_Gundam_Sadalsuud
GNY-002F Gundam Sadalsuud Type F (Manga only),https://gundam.fandom.com/wiki/GNY-002F_Gundam_Sadalsuud_Type_F
GNY-003 Gundam Abulhool (Novel only),https://gundam.fandom.com/wiki/GNY-003_Gundam_Abulhool
GNY-003F Gundam Abulhool Type F (Manga only),https://gundam.fandom.com/wiki/GNY-003F_Gundam_Abulhool_Type_F
GNY-004 Gundam Plutone (Novel only),https://gundam.fandom.com/wiki/GNY-004_Gundam_Plutone
GNY-0042-874 Gundam Artemie (Novel only),https://gundam.fandom.com/wiki/GNY-0042-874_Gundam_Artemie
GN-XXX Gundam Rasiel (Manga/Novel only),https://gundam.fandom.com/wiki/GN-XXX_Gundam_Rasiel
GN-XXX+GNR-000 Sefer Rasiel (Manga/Novel only),https://gundam.fandom.com/wiki/GN-XXX%2BGNR-000_Sefer_Rasiel
GN-001 Gundam Exia,https://gundam.fandom.com/wiki/GN-001_Gundam_Exia
GN-001/hs-A01 Gundam Avalanche Exia (MSV only),https://gundam.fandom.com/wiki/GN-001/hs-A01_Gundam_Avalanche_Exia
GN-001RE Gundam Exia Repair,https://gundam.fandom.com/wiki/GN-001RE_Gundam_Exia_Repair
GN-001REII Gundam Exia Repair II,https://gundam.fandom.com/wiki/GN-001REII_Gundam_Exia_Repair_II
GN-001REIII Gundam Exia Repair III (MSV only),https://gundam.fandom.com/wiki/GN-001REIII_Gundam_Exia_Repair_III
GN-001REIV Gundam Exia Repair IV,https://gundam.fandom.com/wiki/GN-001REIV_Gundam_Exia_Repair_IV
GN-002 Gundam Dynames,https://gundam.fandom.com/wiki/GN-002_Gundam_Dynames
GN-002/DG014 Gundam Dynames Torpedo (MSV/Manga only),https://gundam.fandom.com/wiki/GN-002/DG014_Gundam_Dynames_Torpedo
GN-002RE Gundam Dynames Repair,https://gundam.fandom.com/wiki/GN-002RE_Gundam_Dynames_Repair
GN-002REIII Gundam Dynames Repair III,https://gundam.fandom.com/wiki/GN-002REIII_Gundam_Dynames_Repair_III
GN-003 Gundam Kyrios,https://gundam.fandom.com/wiki/GN-003_Gundam_Kyrios
GN-003/af-G02 Gundam Kyrios Gust (MSV only),https://gundam.fandom.com/wiki/GN-003/af-G02_Gundam_Kyrios_Gust
GN-004 Gundam Nadleeh,https://gundam.fandom.com/wiki/GN-004_Gundam_Nadleeh
GN-004/te-A02 Gundam Nadleeh Akwos (MSV only),https://gundam.fandom.com/wiki/GN-004/te-A02_Gundam_Nadleeh_Akwos
GN-005 Gundam Virtue,https://gundam.fandom.com/wiki/GN-005_Gundam_Virtue
GN-005/PH Gundam Virtue Physical (Novel only),https://gundam.fandom.com/wiki/GN-005/PH_Gundam_Virtue_Physical
GN-006 Cherudim Gundam,https://gundam.fandom.com/wiki/GN-006_Cherudim_Gundam
GN-006GNHW/R Cherudim Gundam GNHW/R,https://gundam.fandom.com/wiki/GN-006GNHW/R_Cherudim_Gundam_GNHW/R
GN-006/SA Cherudim Gundam SAGA (MSV/Manga only),https://gundam.fandom.com/wiki/GN-006/SA_Cherudim_Gundam_SAGA
GN-007 Arios Gundam,https://gundam.fandom.com/wiki/GN-007_Arios_Gundam
GN-007GNHW/M Arios Gundam GNHW/M,https://gundam.fandom.com/wiki/GN-007GNHW/M_Arios_Gundam_GNHW/M
GN-007/AL Arios Gundam Ascalon (MSV/Manga only),https://gundam.fandom.com/wiki/GN-007/AL_Arios_Gundam_Ascalon
GN-008 Seravee Gundam,https://gundam.fandom.com/wiki/GN-008_Seravee_Gundam
GN-008GNHW/3G Seravee Gundam GNHW/3G (MSV only),https://gundam.fandom.com/wiki/GN-008GNHW/3G_Seravee_Gundam_GNHW/3G
GN-008GNHW/B Seravee Gundam GNHW/B,https://gundam.fandom.com/wiki/GN-008GNHW/B_Seravee_Gundam_GNHW/B
GN-008II Seravee Gundam II,https://gundam.fandom.com/wiki/GN-008II_Seravee_Gundam_II
GN-009 Seraphim Gundam,https://gundam.fandom.com/wiki/GN-009_Seraphim_Gundam
GN-009GNHW/B Seraphim Gundam GNHW/B,https://gundam.fandom.com/wiki/GN-009GNHW/B_Seraphim_Gundam_GNHW/B
GN-010 Gundam Zabanya,https://gundam.fandom.com/wiki/GN-010_Gundam_Zabanya
GN-011 Gundam Harute,https://gundam.fandom.com/wiki/GN-011_Gundam_Harute
GN-0000 00 Gundam,https://gundam.fandom.com/wiki/GN-0000_00_Gundam
GN-0000+GNR-010 00 Raiser,https://gundam.fandom.com/wiki/GN-0000%2BGNR-010_00_Raiser
GN-0000/XN XN 00 Gundam (MSV only),https://gundam.fandom.com/wiki/GN-0000/XN_XN_00_Gundam
GN-0000+GNR-010/XN 00 XN Raiser (MSV only),https://gundam.fandom.com/wiki/GN-0000%2BGNR-010/XN_00_XN_Raiser
GN-0000RE+GNR-010 00 Raiser GN Condenser Type,https://gundam.fandom.com/wiki/GN-0000RE%2BGNR-010_00_Raiser_GN_Condenser_Type
GN-0000/7S 00 Gundam Seven Sword (MSV only),https://gundam.fandom.com/wiki/GN-0000/7S_00_Gundam_Seven_Sword
GN-0000GNHW/7SG 00 Gundam Seven Sword/G (MSV only),https://gundam.fandom.com/wiki/GN-0000GNHW/7SG_00_Gundam_Seven_Sword/G
GN-0000GNHW/7SGD2 00 Gundam Seven Sword/G Inspection (MSV only),https://gundam.fandom.com/wiki/GN-0000GNHW/7SGD2_00_Gundam_Seven_Sword/G_Inspection
GNT-0000 00 Qan(T),https://gundam.fandom.com/wiki/GNT-0000_00_Qan(T)
GNT-0000/FS 00 Qan(T) Full Saber (MSV only),https://gundam.fandom.com/wiki/GNT-0000/FS_00_Qan(T)_Full_Saber
GNW-001 Gundam Throne Eins,https://gundam.fandom.com/wiki/GNW-001_Gundam_Throne_Eins
GNW-001/hs-T01 Gundam Throne Eins Turbulenz (MSV only),https://gundam.fandom.com/wiki/GNW-001/hs-T01_Gundam_Throne_Eins_Turbulenz
GNW-002 Gundam Throne Zwei,https://gundam.fandom.com/wiki/GNW-002_Gundam_Throne_Zwei
GNW-003 Gundam Throne Drei,https://gundam.fandom.com/wiki/GNW-003_Gundam_Throne_Drei
CB-0000G/C Reborns Gundam/Cannon,https://gundam.fandom.com/wiki/CB-0000G/C_Reborns_Gundam/Cannon
CB-0000G/C/T Reborns Gundam Origin (Manga only),https://gundam.fandom.com/wiki/CB-0000G/C/T_Reborns_Gundam_Origin
CB-001 1 Gundam (Manga only),https://gundam.fandom.com/wiki/CB-001_1_Gundam
CB-001.5 1.5 Gundam (Manga only),https://gundam.fandom.com/wiki/CB-001.5_1.5_Gundam
CB-001.5D2 1.5 Gundam Type Dark (Novel only),https://gundam.fandom.com/wiki/CB-001.5D2_1.5_Gundam_Type_Dark
GNW-20000 Arche Gundam,https://gundam.fandom.com/wiki/GNW-20000_Arche_Gundam
GNW-20000/J Jagd Arche Gundam (MSV only),https://gundam.fandom.com/wiki/GNW-20000/J_Jagd_Arche_Gundam
GNW-20003 Arche Gundam Drei (MSV only),https://gundam.fandom.com/wiki/GNW-20003_Arche_Gundam_Drei
GNY-001FB Gundam Astraea Type F Black (Manga only),https://gundam.fandom.com/wiki/GNY-001FB_Gundam_Astraea_Type_F_Black
GNY-002FB Gundam Sadalsuud Type F Black (Manga only),https://gundam.fandom.com/wiki/GNY-002FB_Gundam_Sadalsuud_Type_F_Black
GNY-003FB Gundam Abulhool Type F Black (Manga only),https://gundam.fandom.com/wiki/GNY-003FB_Gundam_Abulhool_Type_F_Black
GNY-004B Gundam Plutone Black (Manga only),https://gundam.fandom.com/wiki/GNY-004B_Gundam_Plutone_Black
GN-XXXB Gundam Rasiel Black (Manga only),https://gundam.fandom.com/wiki/GN-XXXB_Gundam_Rasiel_Black
GN-XXXB + GNR-000B Black Sefer Rasiel (Manga only),https://gundam.fandom.com/wiki/GN-XXXB_%2B_GNR-000B_Black_Sefer_Rasiel
GNZ-001 GRM Gundam (MSV/Manga only),https://gundam.fandom.com/wiki/GNZ-001_GRM_Gundam
GNZ-001E GRM Gundam E (Manga only),https://gundam.fandom.com/wiki/GNZ-001E_GRM_Gundam_E
GPB-X80 Beginning Gundam,https://gundam.fandom.com/wiki/GPB-X80_Beginning_Gundam
GPB-X80-30F Beginning 30 Gundam,https://gundam.fandom.com/wiki/GPB-X80-30F_Beginning_30_Gundam
GPB-X78-30 Forever Gundam,https://gundam.fandom.com/wiki/GPB-X78-30_Forever_Gundam
"MSN-00100 Hyaku Shiki GPB Color ""Byaku Shiki""",https://gundam.fandom.com/wiki/MSN-00100_Hyaku_Shiki_GPB_Color_%22Byaku_Shiki%22
GPB-X80D Beginning D Gundam,https://gundam.fandom.com/wiki/GPB-X80D_Beginning_D_Gundam
"GPB-X80D Beginning D Gundam ""Qan(T)""",https://gundam.fandom.com/wiki/GPB-X80D_Beginning_D_Gundam_%22Qan(T)%22
"GPB-X80D Beginning D Gundam ""Rakta Paksha""",https://gundam.fandom.com/wiki/GPB-X80D_Beginning_D_Gundam_%22Rakta_Paksha%22
"GPB-X80D Beginning D Gundam ""Strelitzia""",https://gundam.fandom.com/wiki/GPB-X80D_Beginning_D_Gundam_%22Strelitzia%22
GPB-X80D Perfect Beginning D Gundam,https://gundam.fandom.com/wiki/GPB-X80D_Perfect_Beginning_D_Gundam
GPB-X78-30-2 Forever Gundam Mk-II,https://gundam.fandom.com/wiki/GPB-X78-30-2_Forever_Gundam_Mk-II
"Forever Gundam Mk-III ""Red Ranunculus""",https://gundam.fandom.com/wiki/Forever_Gundam_Mk-III_%22Red_Ranunculus%22
"GF13-050NSW Nobel Gundam GPB-D Color ""Cardinal""",https://gundam.fandom.com/wiki/GF13-050NSW_Nobel_Gundam_GPB-D_Color_%22Cardinal%22
GPB-X80J Beginning J Gundam,https://gundam.fandom.com/wiki/GPB-X80J_Beginning_J_Gundam
GPB-X80JFA Beginning J Gundam Burning Cloth,https://gundam.fandom.com/wiki/GPB-X80JFA_Beginning_J_Gundam_Burning_Cloth
GPB-X80J/7S Beginning J Gundam Seven Sword,https://gundam.fandom.com/wiki/GPB-X80J/7S_Beginning_J_Gundam_Seven_Sword
GPB-X80JD Beginning Gundam JD Phantom,https://gundam.fandom.com/wiki/GPB-X80JD_Beginning_Gundam_JD_Phantom
GPB-X78H-S1 Avalanche Gundam,https://gundam.fandom.com/wiki/GPB-X78H-S1_Avalanche_Gundam
GSX-401FW Stargazer Gundam Corleone,https://gundam.fandom.com/wiki/GSX-401FW_Stargazer_Gundam_Corleone
ORB-01 Akatsuki Gundam Corleone,https://gundam.fandom.com/wiki/ORB-01_Akatsuki_Gundam_Corleone
AGE-1 Gundam AGE-1 Normal,https://gundam.fandom.com/wiki/AGE-1_Gundam_AGE-1_Normal
AGE-1F Gundam AGE-1 Flat,https://gundam.fandom.com/wiki/AGE-1F_Gundam_AGE-1_Flat
AGE-1G Gundam AGE-1 Glansa,https://gundam.fandom.com/wiki/AGE-1G_Gundam_AGE-1_Glansa
AGE-1T Gundam AGE-1 Titus,https://gundam.fandom.com/wiki/AGE-1T_Gundam_AGE-1_Titus
AGE-1S Gundam AGE-1 Spallow,https://gundam.fandom.com/wiki/AGE-1S_Gundam_AGE-1_Spallow
AGE-1SW Gundam AGE-1 Swordia,https://gundam.fandom.com/wiki/AGE-1SW_Gundam_AGE-1_Swordia
AGE-1R Gundam AGE-1 Razor (MSV/Game only),https://gundam.fandom.com/wiki/AGE-1R_Gundam_AGE-1_Razor
AGE-1 Gundam AGE-1 Normal (Daiki Version) (Manga only),https://gundam.fandom.com/wiki/AGE-1_Gundam_AGE-1_Normal_(Daiki_Version)
Gundam AGE-1 Phoenix (Manga only),https://gundam.fandom.com/wiki/Gundam_AGE-1_Phoenix
AGE-2 Gundam AGE-2 Normal,https://gundam.fandom.com/wiki/AGE-2_Gundam_AGE-2_Normal
AGE-2DB Gundam AGE-2 Double Bullet,https://gundam.fandom.com/wiki/AGE-2DB_Gundam_AGE-2_Double_Bullet
AGE-2A Gundam AGE-2 Artimes (MSV only),https://gundam.fandom.com/wiki/AGE-2A_Gundam_AGE-2_Artimes
AGE-3 Gundam AGE-3 Normal,https://gundam.fandom.com/wiki/AGE-3_Gundam_AGE-3_Normal
AGE-3F Gundam AGE-3 Fortress,https://gundam.fandom.com/wiki/AGE-3F_Gundam_AGE-3_Fortress
AGE-3O Gundam AGE-3 Orbital,https://gundam.fandom.com/wiki/AGE-3O_Gundam_AGE-3_Orbital
AGE-3L Gundam AGE-3 Laguna (MSV only),https://gundam.fandom.com/wiki/AGE-3L_Gundam_AGE-3_Laguna
AGE-FX Gundam AGE-FX,https://gundam.fandom.com/wiki/AGE-FX_Gundam_AGE-FX
AGE-FX Gundam AGE-FX (A-Funnel Equipment Type) (MSV only),https://gundam.fandom.com/wiki/AGE-FX_Gundam_AGE-FX_(A-Funnel_Equipment_Type)
WMS-GEX1 G-Exes,https://gundam.fandom.com/wiki/WMS-GEX1_G-Exes
WMS-GB5 G-Bouncer,https://gundam.fandom.com/wiki/WMS-GB5_G-Bouncer
G-Bouncer Deos,https://gundam.fandom.com/wiki/G-Bouncer_Deos
XMS-005 Thieleva,https://gundam.fandom.com/wiki/XMS-005_Thieleva
xvm-fzc Gundam Legilis,https://gundam.fandom.com/wiki/Xvm-fzc_Gundam_Legilis
xvm-fzc-zgc Gundam Legilis R (MSV only),https://gundam.fandom.com/wiki/Xvm-fzc-zgc_Gundam_Legilis_R
AGE-2DH Gundam AGE-2 Dark Hound,https://gundam.fandom.com/wiki/AGE-2DH_Gundam_AGE-2_Dark_Hound
BMS-004 G-Exes Jackedge,https://gundam.fandom.com/wiki/BMS-004_G-Exes_Jackedge
BMS-005 G-Xiphos,https://gundam.fandom.com/wiki/BMS-005_G-Xiphos
BMS-005SS G-Xiphos (Snake Sword Equipment Type) (MSV only),https://gundam.fandom.com/wiki/BMS-005SS_G-Xiphos_(Snake_Sword_Equipment_Type)
YG-111 Gundam G-Self,https://gundam.fandom.com/wiki/YG-111_Gundam_G-Self
YG-111 Gundam G-Self Assault Pack,https://gundam.fandom.com/wiki/YG-111_Gundam_G-Self_Assault_Pack
YG-111 Gundam G-Self Atmospheric Pack,https://gundam.fandom.com/wiki/YG-111_Gundam_G-Self_Atmospheric_Pack
YG-111 Gundam G-Self High Torque Pack,https://gundam.fandom.com/wiki/YG-111_Gundam_G-Self_High_Torque_Pack
YG-111 Gundam G-Self Perfect Pack,https://gundam.fandom.com/wiki/YG-111_Gundam_G-Self_Perfect_Pack
YG-111 Gundam G-Self Reflector Pack,https://gundam.fandom.com/wiki/YG-111_Gundam_G-Self_Reflector_Pack
YG-111 Gundam G-Self Space Pack,https://gundam.fandom.com/wiki/YG-111_Gundam_G-Self_Space_Pack
YG-111 Gundam G-Self Tricky Pack,https://gundam.fandom.com/wiki/YG-111_Gundam_G-Self_Tricky_Pack
MSAM-033 Gundam G-Arcane,https://gundam.fandom.com/wiki/MSAM-033_Gundam_G-Arcane
VGMM-Gf10 Gundam G-Lucifer,https://gundam.fandom.com/wiki/VGMM-Gf10_Gundam_G-Lucifer
VGMM-Git01 Kabakali,https://gundam.fandom.com/wiki/VGMM-Git01_Kabakali
VGMM-Sc02 Gastima,https://gundam.fandom.com/wiki/VGMM-Sc02_Gastima
VGMM-Gb03 Gaeon,https://gundam.fandom.com/wiki/VGMM-Gb03_Gaeon
ASW-G-08 Gundam Barbatos,https://gundam.fandom.com/wiki/ASW-G-08_Gundam_Barbatos
ASW-G-08 Gundam Barbatos Lupus,https://gundam.fandom.com/wiki/ASW-G-08_Gundam_Barbatos_Lupus
ASW-G-08 Gundam Barbatos Lupus Rex,https://gundam.fandom.com/wiki/ASW-G-08_Gundam_Barbatos_Lupus_Rex
ASW-G-11 Gundam Gusion Rebake,https://gundam.fandom.com/wiki/ASW-G-11_Gundam_Gusion_Rebake
ASW-G-11 Gundam Gusion Rebake Full City,https://gundam.fandom.com/wiki/ASW-G-11_Gundam_Gusion_Rebake_Full_City
ASW-G-64 Gundam Flauros (Ryusei-Go),https://gundam.fandom.com/wiki/ASW-G-64_Gundam_Flauros_(Ryusei-Go)
ASW-G-01 Gundam Bael,https://gundam.fandom.com/wiki/ASW-G-01_Gundam_Bael
ASW-G-66 Gundam Kimaris,https://gundam.fandom.com/wiki/ASW-G-66_Gundam_Kimaris
ASW-G-66 Gundam Kimaris Trooper,https://gundam.fandom.com/wiki/ASW-G-66_Gundam_Kimaris_Trooper
ASW-G-XX Gundam Vidar,https://gundam.fandom.com/wiki/ASW-G-XX_Gundam_Vidar
ASW-G-66 Gundam Kimaris Vidar,https://gundam.fandom.com/wiki/ASW-G-66_Gundam_Kimaris_Vidar
ASW-G-29 Gundam Astaroth Origin (Manga only),https://gundam.fandom.com/wiki/ASW-G-29_Gundam_Astaroth_Origin
ASW-G-11 Gundam Gusion,https://gundam.fandom.com/wiki/ASW-G-11_Gundam_Gusion
ASW-G-29 Gundam Astaroth (Manga only),https://gundam.fandom.com/wiki/ASW-G-29_Gundam_Astaroth
ASW-G-47 Gundam Vual (Manga only),https://gundam.fandom.com/wiki/ASW-G-47_Gundam_Vual
MBF-C01 Command Astray Gundam,https://gundam.fandom.com/wiki/MBF-C01_Command_Astray_Gundam
NK-13 Cathedral Gundam,https://gundam.fandom.com/wiki/NK-13_Cathedral_Gundam
NYA+MBKF-P02 Nyaia Astray,https://gundam.fandom.com/wiki/NYA%2BMBKF-P02_Nyaia_Astray
RX-93 Nu Gundam Vrabe,https://gundam.fandom.com/wiki/RX-93_%CE%BD_Gundam_Vrabe
RX-93-Nu2V Hi-Nu Gundam Vrabe,https://gundam.fandom.com/wiki/RX-93-%CE%BD2V_Hi-%CE%BD_Gundam_Vrabe
RX-93-Nu2VA Hi-Nu Gundam Vrabe Amazing A&D,https://gundam.fandom.com/wiki/RX-93-%CE%BD2VA_Hi-v_Gundam_Vrabe_Amazing_A%26D
RX-93Nu-2I Hi-Nu Gundam Influx,https://gundam.fandom.com/wiki/RX-93%CE%BD-2I_Hi-%CE%BD_Gundam_Influx
ZGMF-X222 Nya Nyaia Gundam,https://gundam.fandom.com/wiki/ZGMF-X222Nya_Nyaia_Gundam
ZGMF-X1100L Nyaia Gundam Leone,https://gundam.fandom.com/wiki/ZGMF-X1100L_Nyaia_Gundam_Leone
F91 Gundam F91 Imagine,https://gundam.fandom.com/wiki/F91_Gundam_F91_Imagine
GAT-X105B Build Strike Gundam,https://gundam.fandom.com/wiki/GAT-X105B_Build_Strike_Gundam
GAT-X105B/FP Build Strike Gundam Full Package,https://gundam.fandom.com/wiki/GAT-X105B/FP_Build_Strike_Gundam_Full_Package
GAT-X105B/ST Star Build Strike Gundam,https://gundam.fandom.com/wiki/GAT-X105B/ST_Star_Build_Strike_Gundam
GAT-X105B/CM Build Strike Gundam Cosmos,https://gundam.fandom.com/wiki/GAT-X105B/CM_Build_Strike_Gundam_Cosmos
Nobel Gundam Deco,https://gundam.fandom.com/wiki/Nobel_Gundam_Deco
GX-9999 Gundam X Maoh,https://gundam.fandom.com/wiki/GX-9999_Gundam_X_Maoh
XM-X9999 Crossbone Gundam Maoh,https://gundam.fandom.com/wiki/XM-X9999_Crossbone_Gundam_Maoh
PPGN-001 Gundam Amazing Exia,https://gundam.fandom.com/wiki/PPGN-001_Gundam_Amazing_Exia
PPGN-001 Gundam Exia Dark Matter,https://gundam.fandom.com/wiki/PPGN-001_Gundam_Exia_Dark_Matter
RX-178B Build Gundam Mk-II,https://gundam.fandom.com/wiki/RX-178B_Build_Gundam_Mk-II
XXXG-01Wf Wing Gundam Fenice,https://gundam.fandom.com/wiki/XXXG-01Wf_Wing_Gundam_Fenice
XXXG-01Wfr Gundam Fenice Rinascita,https://gundam.fandom.com/wiki/XXXG-01Wfr_Gundam_Fenice_Rinascita
XXXG-01Wfr/A Gundam Fenice Rinascita Alba (Hobby Japan only),https://gundam.fandom.com/wiki/XXXG-01Wfr/A_Gundam_Fenice_Rinascita_Alba
Sengoku Astray Gundam,https://gundam.fandom.com/wiki/%E4%BE%8D%E3%83%8E%E5%BC%90_Sengoku_Astray_Gundam
BG-011B Build Burning Gundam,https://gundam.fandom.com/wiki/BG-011B_Build_Burning_Gundam
TBG-011B Try Burning Gundam,https://gundam.fandom.com/wiki/TBG-011B_Try_Burning_Gundam
KMK-B01 Kamiki Burning Gundam,https://gundam.fandom.com/wiki/KMK-B01_Kamiki_Burning_Gundam
LGZ-91 Lightning Gundam,https://gundam.fandom.com/wiki/LGZ-91_Lightning_Gundam
LGZ-91Fb Lightning Gundam Full Burnern,https://gundam.fandom.com/wiki/LGZ-91Fb_Lightning_Gundam_Full_Burnern
MSZ-006LGT Lightning Zeta Gundam,https://gundam.fandom.com/wiki/MSZ-006LGT_Lightning_Zeta_Gundam
MSZ-006LGT-3 Lightning Zeta Gundam Aspros (Hobby Japan only),https://gundam.fandom.com/wiki/MSZ-006LGT-3_Lightning_Zeta_Gundam_Aspros
SD-237 Winning Gundam,https://gundam.fandom.com/wiki/SD-237_Winning_Gundam
SD-237S Star Winning Gundam,https://gundam.fandom.com/wiki/SD-237S_Star_Winning_Gundam
Nobel M Gundam,https://gundam.fandom.com/wiki/Nobel_M_Gundam
Rising K Gundam,https://gundam.fandom.com/wiki/Rising_K_Gundam
GT-9600-DV Gundam Leopard da Vinci,https://gundam.fandom.com/wiki/GT-9600-DV_Gundam_Leopard_da_Vinci
MSN-001M Mega-Shiki,https://gundam.fandom.com/wiki/MSN-001M_Mega-Shiki
MSN-001G Gilla-Shiki (Hobby Japan only),https://gundam.fandom.com/wiki/MSN-001G_Gilla-Shiki
LM312V04 Amethyst Victory Gundam,https://gundam.fandom.com/wiki/LM312V04_Amethyst_Victory_Gundam
GT-9600-DV Gundam Leopard da Vinci,https://gundam.fandom.com/wiki/GT-9600-DV_Gundam_Leopard_da_Vinci
MSN-001M Mega-Shiki,https://gundam.fandom.com/wiki/MSN-001M_Mega-Shiki
MSN-001G Gilla-Shiki (Hobby Japan only),https://gundam.fandom.com/wiki/MSN-001G_Gilla-Shiki
LM312V04 Amethyst Victory Gundam,https://gundam.fandom.com/wiki/LM312V04_Amethyst_Victory_Gundam
RX-END Gundam The End,https://gundam.fandom.com/wiki/RX-END_Gundam_The_End
GN-9999 Transient Gundam,https://gundam.fandom.com/wiki/GN-9999_Transient_Gundam
GNW-100P Gundam Portent,https://gundam.fandom.com/wiki/GNW-100P_Gundam_Portent
Gundam Tryon 3,https://gundam.fandom.com/wiki/%E6%9C%80%E5%BC%B7%E6%A9%9F%E5%8B%95_Gundam_Tryon_3
Gundam Dryon Drei (Hobby Japan only),https://gundam.fandom.com/wiki/%E7%85%8C%E9%BB%92%E6%A9%9F%E5%8B%95_Gundam_Dryon_Drei
SDG-R1 Snibal Gundam,https://gundam.fandom.com/wiki/SDG-R1_Snibal_Gundam
SDG-R2 Dragonagel Gundam,https://gundam.fandom.com/wiki/SDG-R2_Dragonagel_Gundam
SDG-R3 Giracanon Gundam,https://gundam.fandom.com/wiki/SDG-R3_Giracanon_Gundam
Snibal-Drago-Gira,https://gundam.fandom.com/wiki/Snibal-Drago-Gira
NK-13J Denial Gundam,https://gundam.fandom.com/wiki/NK-13J_Denial_Gundam
GNY-003CL Gundam Abulhool Plus,https://gundam.fandom.com/wiki/GNY-003CL_Gundam_Abulhool_Plus
XM-X1 Crossbone Gundam X-1 Full Cloth Type.GBFT,https://gundam.fandom.com/wiki/XM-X1_Crossbone_Gundam_X-1_Full_Cloth
Cruel Gundam,https://gundam.fandom.com/wiki/Cruel_Gundam
PF-78-3A Gundam Amazing Red Warrior,https://gundam.fandom.com/wiki/PF-78-3A_Gundam_Amazing_Red_Warrior
"SD-9071A ""Kurenai Musha"" Red Warrior Amazing",https://gundam.fandom.com/wiki/SD-9071A_%22Kurenai_Musha%22_Red_Warrior_Amazing
WD-M01MS Turn A Gundam Shin,https://gundam.fandom.com/wiki/WD-M01MS_%E2%88%80_Gundam_Shin
XXXG-00W0CV Wing Gundam Zero Honoo,https://gundam.fandom.com/wiki/XXXG-00W0CV_Wing_Gundam_Zero_Honoo
XXXG-00W0FF Wing Gundam Zero Flame Feder,https://gundam.fandom.com/wiki/XXXG-00W0FF_Wing_Gundam_Zero_Flame_Feder
ZGMF-X09Ad Justice Gundam Dash,https://gundam.fandom.com/wiki/ZGMF-X09Ad_Justice_Gundam_Dash
ZGMF-X10AFF Freedom Gundam Flame Feder,https://gundam.fandom.com/wiki/ZGMF-X10AFF_Freedom_Gundam_Flame_Feder
